Company,Name,Category,Supplier,Manufacturer,QTY,Location,Order Number,Min Amount,Model Number,Notes,Purchase Date,Purchase Cost
Kovacek and Sons,Dragline,Roofing (Metal),Runte-Corwin,Cremin Inc,61,Artashat,017019279-2,59,3558344370409403,sit amet diam in magna bibendum imperdiet nullam orci pede venenatis non sodales sed tincidunt eu felis,2022-08-24,73.96
"Russel, Marquardt and Frami",Skid-Steer,Drywall & Acoustical (MOB),Bins-Gerhold,Breitenberg Inc,17,Dugcal,801930572-6,10,30104302249895,diam cras pellentesque volutpat dui maecenas tristique est et tempus semper est quam pharetra magna ac,2022-06-24,5.27
Nicolas Group,Dragline,Structural & Misc Steel Erection,"Glover, Kovacek and Bechtelar",Kulas-Powlowski,36,Zafarwāl,963844173-9,30,3577672351043826,vulputate ut ultrices vel augue vestibulum ante ipsum primis in,2023-03-16,87.89
Roob-Mante,Dump Truck,Electrical and Fire Alarm,"Rath, Mueller and Halvorson","Bogisich, Schaefer and Goldner",14,Askiz,778878918-6,58,3578492711349816,donec ut mauris eget massa tempor convallis nulla neque libero convallis eget eleifend luctus,2023-03-30,57.51
"Marquardt, Blanda and Heaney",Crawler,RF Shielding,Bode-Armstrong,Rosenbaum LLC,54,Arjona,414053159-2,82,201552275235023,augue luctus tincidunt nulla mollis molestie lorem quisque ut erat curabitur gravida nisi at nibh,2022-06-27,76.18
Herman and Sons,Skid-Steer,"Doors, Frames & Hardware","Volkman, Pagac and Tillman",McKenzie-Hand,12,Višnjevac,064912598-3,29,3530080559523225,dolor morbi vel lectus in quam fringilla rhoncus mauris enim leo rhoncus sed vestibulum sit amet cursus id turpis,2022-08-14,97.9
Morar Inc,Crawler,Exterior Signage,Bergstrom-Ullrich,"Mann, Ondricka and Fadel",69,Birni N Konni,770515508-7,11,3529943453252733,sapien in sapien iaculis congue vivamus metus arcu adipiscing molestie,2022-10-28,73.62
Jerde-Bogisich,Compactor,Drilled Shafts,Fadel-Sporer,"Bode, Gutkowski and Schamberger",58,Galižana,188679996-2,95,4041376614376,gravida nisi at nibh in hac habitasse platea dictumst aliquam augue quam sollicitudin,2023-03-09,3.83
"Dibbert, Roberts and Orn",Dragline,EIFS,Waters LLC,"Pollich, Treutel and Homenick",93,Tongyangdao,303831002-6,53,5602237646576545,donec ut mauris eget massa tempor convallis nulla neque libero convallis eget eleifend luctus,2022-12-07,67.91
Schmidt-Jones,Compactor,Site Furnishings,"Monahan, Dooley and Rowe",Gorczany and Sons,5,Chunghwa,054966680-X,8,3548920584271979,enim sit amet nunc viverra dapibus nulla suscipit ligula in lacus curabitur at,2022-08-23,91.79
"Lemke, Nicolas and Jaskolski",Trencher,Drilled Shafts,Nienow-Moen,Kuhn-Sawayn,40,Mkushi,921741957-5,94,3566485930049161,arcu libero rutrum ac lobortis vel dapibus at diam nam tristique,2022-09-16,37.6
Hills-Sipes,Compactor,Roofing (Asphalt),"Kulas, Bogisich and Mante","Grimes, Ziemann and Jacobs",99,Orahovica,794640267-8,69,490344354231467621,eu nibh quisque id justo sit amet sapien dignissim vestibulum,2023-02-11,91.86
Block and Sons,Bulldozer,Prefabricated Aluminum Metal Canopies,Jakubowski LLC,Feest-King,32,Al Jubayhah,459697074-2,27,5010129157541263,nec sem duis aliquam convallis nunc proin at turpis a pede posuere nonummy integer non velit donec diam,2022-11-17,82.9
Denesik-Champlin,Compactor,Retaining Wall and Brick Pavers,"Barrows, Bradtke and Kertzmann","Ledner, Hodkiewicz and McLaughlin",28,Talalayivka,301762319-X,81,4575609485591,nullam orci pede venenatis non sodales sed tincidunt eu felis fusce posuere felis sed lacus morbi sem,2023-04-20,78.21
Towne Inc,Trencher,Rebar & Wire Mesh Install,Runolfsdottir-Klein,"Hilll, Herman and Roberts",76,Cunén,739224317-9,56,3529871501469720,luctus rutrum nulla tellus in sagittis dui vel nisl duis ac nibh fusce lacus,2022-08-31,87.49
Cummerata LLC,Dragline,Fire Sprinkler System,O'Kon-Conn,"Schmeler, Reichel and Jakubowski",11,Boju,674114839-6,61,3580499860326855,lacus curabitur at ipsum ac tellus semper interdum mauris ullamcorper purus sit amet nulla quisque arcu libero rutrum ac,2022-10-15,56.48
Brekke LLC,Backhoe,"Temp Fencing, Decorative Fencing and Gates",Fisher LLC,Graham-Kshlerin,83,Lolak,496879420-7,51,56022279121238808,scelerisque quam turpis adipiscing lorem vitae mattis nibh ligula nec sem,2023-02-22,97.21
"King, Homenick and Conn",Dump Truck,EIFS,"Reilly, Windler and Cremin",Langworth-Ortiz,28,Bugo,546264257-1,48,4905157085342998398,cubilia curae duis faucibus accumsan odio curabitur convallis duis consequat dui nec nisi volutpat eleifend,2023-02-02,54.04
"Koelpin, Dooley and Kuvalis",Excavator,Structural & Misc Steel Erection,Shields-Senger,McLaughlin-Koepp,48,Livadiya,470334065-8,69,0604372523721069615,mattis pulvinar nulla pede ullamcorper augue a suscipit nulla elit ac nulla,2023-04-08,67.44
Donnelly and Sons,Crawler,Plumbing & Medical Gas,Maggio LLC,Hahn-Flatley,17,Alibago,314425716-8,83,337941169979548,enim leo rhoncus sed vestibulum sit amet cursus id turpis integer,2023-04-07,53.56
Boyer-Medhurst,Grader,Prefabricated Aluminum Metal Canopies,"Howell, Huel and Nicolas","Deckow, Jenkins and Bartell",54,Picungbera,323060315-X,15,6706951103338750,felis fusce posuere felis sed lacus morbi sem mauris laoreet ut rhoncus aliquet pulvinar sed nisl nunc rhoncus dui vel,2022-09-19,5.46
"Wolff, Dietrich and Kshlerin",Dragline,Masonry & Precast,"Spencer, Dooley and Ullrich","Zieme, Kuvalis and Leannon",13,Santisimo Rosario,946650016-3,65,5018417463180740,erat nulla tempus vivamus in felis eu sapien cursus vestibulum proin eu mi nulla ac enim,2023-04-17,63.98
"Hansen, McLaughlin and Bernhard",Excavator,Drilled Shafts,"Gislason, Heaney and O'Connell",Wiegand Group,84,San Jose,445247479-9,5,201910973168492,velit nec nisi vulputate nonummy maecenas tincidunt lacus at velit vivamus vel nulla eget,2022-11-01,58.75
Daniel LLC,Crawler,Rebar & Wire Mesh Install,"Mitchell, Barrows and Hamill",Weber-Kemmer,88,Sinjil,145272905-0,95,3537378655700793,gravida nisi at nibh in hac habitasse platea dictumst aliquam augue,2023-04-04,33.02
"Casper, Muller and Macejkovic",Dragline,Marlite Panels (FED),"Spencer, Shields and McDermott",Rutherford and Sons,21,Pocsi,758023521-8,93,3563461502339028,pede justo lacinia eget tincidunt eget tempus vel pede morbi porttitor lorem id,2022-12-26,63.67
Beahan-Beatty,Backhoe,Framing (Steel),Johns-Reinger,Stamm-Bergstrom,4,Buarcos,483986544-2,14,3572461996231391,vehicula condimentum curabitur in libero ut massa volutpat convallis morbi odio odio elementum eu interdum eu tincidunt in,2023-05-13,12.03
"Schowalter, Green and Ankunding",Trencher,Soft Flooring and Base,Kreiger-Hoppe,Reynolds-Cummerata,18,San Pedro Pinula,131062548-4,15,3568617180162173,elit ac nulla sed vel enim sit amet nunc viverra dapibus nulla suscipit ligula in lacus curabitur,2022-09-27,77.12
"Prohaska, Bosco and Abshire",Bulldozer,EIFS,Larson LLC,"Hammes, Fadel and Legros",57,Golopau,194463835-0,3,5002359023338541,vivamus vestibulum sagittis sapien cum sociis natoque penatibus et magnis dis,2022-06-30,67.31
"Bauch, Rodriguez and Jenkins",Crawler,Masonry & Precast,"Rosenbaum, Stokes and Rau","Ferry, Huels and Sipes",86,Xiangyang,454529838-9,29,6767656690937643,est et tempus semper est quam pharetra magna ac consequat metus sapien ut nunc vestibulum ante ipsum,2022-08-22,17.81
"Schmeler, Lockman and Stiedemann",Excavator,Framing (Steel),Kihn LLC,"Lubowitz, Roberts and Marquardt",13,Makanya,647395719-7,15,3556460198629428,quam suspendisse potenti nullam porttitor lacus at turpis donec posuere metus,2023-04-29,7.58
Lubowitz Group,Scraper,Ornamental Railings,"Fisher, Haag and Schmidt",West LLC,10,Mabunga,787506589-5,64,3560289848556143,nam congue risus semper porta volutpat quam pede lobortis ligula sit amet eleifend pede libero quis,2022-08-01,71.58
Hansen-Beatty,Excavator,Epoxy Flooring,Hauck-Rempel,West Inc,48,Payxambabazar,518250572-8,82,337941555646784,vivamus vel nulla eget eros elementum pellentesque quisque porta volutpat erat quisque,2022-08-19,1.48
Herzog and Sons,Dragline,Elevator,Crist Inc,"Dooley, Wyman and Rempel",14,Kranuan,490046086-9,22,3556364929607085,arcu libero rutrum ac lobortis vel dapibus at diam nam tristique tortor eu,2023-02-04,45.0
Lebsack-Romaguera,Dragline,Wall Protection,Hamill-Abbott,Haley-Labadie,6,Ruzayevka,731594232-7,63,3564668857002550,nunc purus phasellus in felis donec semper sapien a libero nam dui proin leo odio porttitor id consequat in,2023-03-08,13.62
"Kirlin, Wyman and Wehner",Crawler,Structural & Misc Steel Erection,Beier LLC,Schuppe Inc,25,Shuanghe,343694285-5,67,3568605663689317,duis aliquam convallis nunc proin at turpis a pede posuere nonummy integer non velit donec,2023-03-10,34.31
"Nader, Fadel and Bode",Bulldozer,RF Shielding,Williamson and Sons,Schmidt-Towne,68,Mölndal,607118553-X,3,340880868925813,donec ut dolor morbi vel lectus in quam fringilla rhoncus mauris,2022-06-09,28.76
"Rohan, Wisoky and Gerhold",Dump Truck,Electrical and Fire Alarm,"Ward, Sauer and Harber",Shields-Zieme,17,Vsevolozhsk,100246862-0,39,5578993697112313,lacinia aenean sit amet justo morbi ut odio cras mi pede malesuada in imperdiet et commodo vulputate,2022-12-28,34.43
"Goldner, Metz and Prohaska",Crawler,Roofing (Asphalt),Schamberger Inc,Reilly-Bernhard,32,Saraktash,815422723-1,98,3568940927447214,volutpat in congue etiam justo etiam pretium iaculis justo in hac habitasse platea dictumst etiam faucibus,2023-02-28,82.16
Thompson and Sons,Dump Truck,Plumbing & Medical Gas,Russel and Sons,"Nolan, Cartwright and Ebert",31,Lívingston,617917766-X,19,3564430382302611,habitasse platea dictumst morbi vestibulum velit id pretium iaculis diam erat fermentum justo nec condimentum neque sapien placerat,2023-04-23,41.52
"Nitzsche, Schaden and Strosin",Crawler,Electrical and Fire Alarm,Hahn and Sons,"Lehner, Hayes and Grant",22,Gennevilliers,860027339-0,13,5641827092783026,libero rutrum ac lobortis vel dapibus at diam nam tristique tortor eu,2023-05-08,19.4
Larkin LLC,Dragline,Roofing (Metal),Fay-Erdman,Nolan and Sons,20,San Agustin,906705311-2,82,3531330383605949,felis ut at dolor quis odio consequat varius integer ac leo pellentesque ultrices mattis odio donec vitae,2022-11-30,58.55
Feest Group,Compactor,Ornamental Railings,"Rowe, Bins and Torp",Romaguera-Greenholt,27,Ribeira Seca,842784499-9,88,3580033745274830,nisi nam ultrices libero non mattis pulvinar nulla pede ullamcorper augue a suscipit nulla elit,2023-01-22,54.88
Osinski Inc,Bulldozer,Epoxy Flooring,"Abernathy, Huels and Greenfelder","Jaskolski, Sporer and Corwin",54,Mae Sai,627022315-6,71,5594694799398897,ipsum dolor sit amet consectetuer adipiscing elit proin interdum mauris non ligula pellentesque ultrices phasellus id sapien in sapien iaculis,2022-09-30,44.05
Bauch Inc,Backhoe,Prefabricated Aluminum Metal Canopies,Howell-Rogahn,Hessel-Nienow,50,Mayisad,619216443-6,90,3557488995743232,in purus eu magna vulputate luctus cum sociis natoque penatibus et magnis dis parturient montes nascetur ridiculus mus vivamus vestibulum,2023-02-23,37.19
Welch Inc,Skid-Steer,Casework,"Grant, Fadel and Macejkovic","Towne, Johnston and Rice",1,Huarong,533477095-X,93,345254385886483,placerat ante nulla justo aliquam quis turpis eget elit sodales scelerisque,2022-12-27,18.46
"Boehm, Windler and Konopelski",Compactor,"Doors, Frames & Hardware",Hansen-Turcotte,Beier-Hermiston,94,Buyunshan,149301071-9,50,5380142384134598,eleifend pede libero quis orci nullam molestie nibh in lectus pellentesque at nulla suspendisse,2023-04-14,62.31
"McGlynn, Zulauf and Hauck",Trencher,Retaining Wall and Brick Pavers,Beahan-Bernhard,Gutmann LLC,44,Nanjie,647091867-0,71,5641826426694164,dapibus augue vel accumsan tellus nisi eu orci mauris lacinia sapien quis libero nullam sit amet turpis,2022-07-25,31.94
Howe-Powlowski,Skid-Steer,Drilled Shafts,Toy Group,Medhurst LLC,81,Saramech,156653384-8,64,3538154733411268,ut dolor morbi vel lectus in quam fringilla rhoncus mauris enim leo rhoncus sed vestibulum sit amet,2022-07-31,16.01
"Dach, Trantow and Larson",Excavator,Structural and Misc Steel (Fabrication),"Hagenes, Stamm and Wisoky",Bosco-Anderson,9,Patos,471131697-3,92,4017957124324,curabitur convallis duis consequat dui nec nisi volutpat eleifend donec ut dolor,2023-02-16,46.16
"Weber, McCullough and Champlin",Scraper,Casework,"D'Amore, Lebsack and Stoltenberg","Herman, Beahan and Willms",65,Chaloem Phra Kiat,703706719-9,82,56022380102896588,turpis enim blandit mi in porttitor pede justo eu massa donec dapibus duis at velit,2022-06-12,48.58
